{
  "metadata": {
    "exportDate": "2025-10-06T09:49:36.408Z",
    "totalLocations": 2,
    "version": "1.0"
  },
  "locations": [
    {
      "id": "location_1759744007097_zmrwziw9s",
      "name": "First",
      "description": "",
      "coordinates": {
        "x": -4.5497950849999995,
        "y": 0.2,
        "z": 6.399735
      },
      "gridPosition": {
        "x": -5,
        "z": 6
      },
      "timestamp": "2025-10-06T09:46:47.097Z"
    },
    {
      "id": "location_1759744014466_322fyk3r5",
      "name": "Second",
      "description": "",
      "coordinates": {
        "x": -4.5497950849999995,
        "y": 0.2,
        "z": 0.39973499999999973
      },
      "gridPosition": {
        "x": -5,
        "z": 0
      },
      "timestamp": "2025-10-06T09:46:54.466Z"
    }
  ]
}